;ht;spd;rmse;rmse2;rmse3;di;rings
0;0.1;10.9971962471;0.596311489757;0.84647161863;0.177206907157;20.7606436919;14.0
1;0.2;10.9340074055;0.107481245454;0.267209826901;0.023370222513;18.3587546472;32.0
2;0.3;11.8908201494;0.0162439914956;0.137212202734;0.00359075185001;20.0718995521;33.0
3;0.4;11.7622290174;0.016359050272;0.1018748429;0.00295797146226;19.5948334363;33.0
4;0.5;11.1002076718;0.032035716496;0.0858335592611;0.00589645483545;18.3709139684;33.0
5;0.6;10.2886860296;0.0840776926545;0.100756375846;0.0158641169297;16.1374907796;33.0
6;0.7;9.56057515002;0.159659505555;0.122419359542;0.0310502402965;13.0096160516;29.0
7;0.8;8.84347260084;0.225840476333;0.113114492249;0.0420614713364;10.1461314202;33.0
8;0.9;8.15831994969;0.260656728357;0.107796037408;0.0517380219424;8.34469531024;33.0
9;1.0;7.62781693233;0.284840290546;0.129488173264;0.0730262851457;8.02660987353;22.0
10;1.1;6.43610489641;0.168514914633;0.130311579301;0.0418333744823;8.04536365046;23.0
11;1.2;6.07486244294;0.115850740177;0.155652962176;0.0282206456441;9.67271207135;19.0
12;1.3;5.93562259493;0.0710903001017;0.182533107043;0.0179904928777;12.3981210639;18.0
13;1.4;5.69936740868;0.0317988670303;0.188378690305;0.00804290277116;15.4308312983;18.0
14;1.5;5.4468799485;0.0292653456763;0.259440231397;0.0101304306215;24.0621369273;12.0
15;1.6;5.56681803479;0.00717323362455;0.304651016556;0.00354077928985;23.2291901782;8.0
16;1.7;5.51397973231;7.88184587553e-05;0.623921042954;0.000111358601583;22.9139716635;2.0
17;-9999;-9999;-9999;-9999;-9999;-9999;-9999
18;-9999;-9999;-9999;-9999;-9999;-9999;-9999
19;-9999;-9999;-9999;-9999;-9999;-9999;-9999
20;-9999;-9999;-9999;-9999;-9999;-9999;-9999
21;-9999;-9999;-9999;-9999;-9999;-9999;-9999
22;-9999;-9999;-9999;-9999;-9999;-9999;-9999
23;-9999;-9999;-9999;-9999;-9999;-9999;-9999
24;-9999;-9999;-9999;-9999;-9999;-9999;-9999
25;-9999;-9999;-9999;-9999;-9999;-9999;-9999
26;-9999;-9999;-9999;-9999;-9999;-9999;-9999
27;-9999;-9999;-9999;-9999;-9999;-9999;-9999
28;-9999;-9999;-9999;-9999;-9999;-9999;-9999
