;ht;spd;rmse;rmse2;rmse3;di;rings
0;0.1;12.4795909879;0.184860401506;0.453407341926;0.0365508419785;34.9539277919;28.0
1;0.2;15.0257388775;0.168877516058;0.286483956252;0.0304626427771;33.9683079393;31.0
2;0.3;15.9319224189;0.023967099272;0.253717489338;0.00457415124503;34.0364921836;30.0
3;0.4;15.231479973;0.0295039132672;0.245314631364;0.00557045589394;33.2559087528;30.0
4;0.5;13.8154561377;0.0496435348377;0.257928768114;0.00960094184002;32.6834405062;30.0
5;0.6;12.2588893239;0.0605570883411;0.268561649132;0.0116824779225;31.8273955539;30.0
6;0.7;10.9348258548;0.11931854953;0.315741208378;0.024512067903;30.0874050164;26.0
7;0.8;9.78780240343;0.197068885461;0.325504314397;0.0380378479875;29.1988652595;29.0
8;0.9;8.7368862386;0.196087670778;0.337872969871;0.0365633733688;29.3468998212;30.0
9;1.0;8.17305222808;0.269088491025;0.412211233394;0.0592367002814;29.3605237108;21.0
10;1.1;6.84563420775;0.0739712441647;0.555614666142;0.019807251372;29.409943009;15.0
11;1.2;6.48429956644;0.0383205788761;0.771873746377;0.0151799705245;28.9738171153;8.0
12;1.3;6.05116236548;0.0762516810378;1.13900174374;0.0662702576325;29.8024478905;3.0
13;1.4;5.70386670796;0.022802636889;1.30042585235;0.0322454261579;33.5661332607;2.0
14;-9999;-9999;-9999;-9999;-9999;-9999;-9999
15;-9999;-9999;-9999;-9999;-9999;-9999;-9999
16;-9999;-9999;-9999;-9999;-9999;-9999;-9999
17;-9999;-9999;-9999;-9999;-9999;-9999;-9999
18;-9999;-9999;-9999;-9999;-9999;-9999;-9999
19;-9999;-9999;-9999;-9999;-9999;-9999;-9999
20;-9999;-9999;-9999;-9999;-9999;-9999;-9999
21;2.2;9.18464664933;0.367954300453;1.92507280359;0.520477409928;177.136069782;2.0
22;2.3;11.5844253315;0.177806780389;1.29754596138;0.251557914386;189.39406902;2.0
23;2.4;11.5957121519;0.0;1.74801651858;-9999;193.91226346;1.0
24;2.5;11.1115699734;0.0982198217727;1.45676527669;0.138836776683;195.857525461;2.0
25;2.6;10.2744024144;0.0;2.06953644741;-9999;191.833633836;1.0
26;2.7;11.0114593677;0.0;1.65930115396;-9999;174.385946536;1.0
27;2.8;11.0291134876;0.0837935869366;1.22847894616;0.118531168512;174.355468735;2.0
28;-9999;-9999;-9999;-9999;-9999;-9999;-9999
