;ht;spd;rmse;rmse2;rmse3;di;rings
0;0.1;12.1978230107;0.180411071238;0.386576726296;0.0364437293105;48.6904587403;28.0
1;0.2;14.8820632556;0.160568655848;0.257771597911;0.0285908732858;45.0271278007;32.0
2;0.3;15.1345623805;0.0571199160171;0.264634477054;0.0107160288522;42.9960513668;31.0
3;0.4;13.5765945194;0.100936169036;0.276888838641;0.0191316063229;42.0786371519;30.0
4;0.5;12.0716574416;0.157234902981;0.292151614425;0.0303578289312;40.4120484858;30.0
5;0.6;10.8678438;0.192294332984;0.294658506;0.0372669703606;39.0353167541;30.0
6;0.7;9.79487165468;0.190213669044;0.341520286686;0.0395051246237;38.703439058;26.0
7;0.8;8.99028449421;0.127652560439;0.33717315133;0.0255806796437;39.3840330913;27.0
8;0.9;8.18682485062;0.0986205051049;0.33276734395;0.0186148312379;39.6179871905;29.0
9;1.0;7.74622274127;0.107054199934;0.409179961052;0.023703111364;38.6020665517;21.0
10;1.1;7.01204616019;0.0249606850939;0.470016064114;0.0061130591702;37.6673666101;18.0
11;1.2;6.5558576047;0.03397065593;0.505183859672;0.00930825183978;38.401075733;16.0
12;1.3;6.14605051518;0.00725660116956;0.737260742241;0.00322945983742;40.0816317656;7.0
13;1.4;5.85714719512;0.0409046111797;0.842741320215;0.0233141257546;40.4033119741;5.0
14;-9999;-9999;-9999;-9999;-9999;-9999;-9999
15;-9999;-9999;-9999;-9999;-9999;-9999;-9999
16;-9999;-9999;-9999;-9999;-9999;-9999;-9999
17;1.8;5.85738505799;0.0106955657268;1.34156986272;0.0151203360997;127.183379556;2.0
18;-9999;-9999;-9999;-9999;-9999;-9999;-9999
19;-9999;-9999;-9999;-9999;-9999;-9999;-9999
20;-9999;-9999;-9999;-9999;-9999;-9999;-9999
21;2.2;10.0856542718;0.767994987297;1.98748309335;1.08620825807;183.100287371;2.0
22;2.3;11.1296558823;0.0247132092639;1.59690983865;0.0349567247326;193.102735588;2.0
23;2.4;11.3085791257;0.0;2.09695451584;-9999;198.261146654;1.0
24;2.5;10.6801280404;0.0306058634966;1.44337719273;0.0432280478882;199.192263427;2.0
25;2.6;10.7614562397;0.109861111958;1.69196248364;0.155259460852;185.953069919;2.0
26;-9999;-9999;-9999;-9999;-9999;-9999;-9999
27;2.8;12.1063858674;0.0243246028178;1.48309112969;0.03437868577;178.809063356;2.0
28;-9999;-9999;-9999;-9999;-9999;-9999;-9999
